uniprot,KeggID
P56765,ath:ArthCp031
Q6R0H1,ath:AT1G01060
O24457,ath:AT1G01090
Q9MAM3,ath:AT1G01120
Q9LNJ4,ath:AT1G01280
Q9LMN1,ath:AT1G01460
Q9LMM6,ath:AT1G01550
Q9LMM1,ath:AT1G01600
Q9LMM0,ath:AT1G01610
Q9LQ96,ath:AT1G01630
B3H5G8,ath:AT1G01695
F4HU55,ath:AT1G01740
Q8GXL3,ath:AT1G02065
A8MR93,ath:AT1G02145
F4HVX7,ath:AT1G02190
F4HVY0,ath:AT1G02205
O23680,ath:AT1G02280
Q9FZ22,ath:AT1G02390
Q9FZ21,ath:AT1G02400
F4HXL0,ath:AT1G02660
Q8RY16,ath:AT1G03000
Q9SA65,ath:AT1G03050
Q7XA78,ath:AT1G03055
Q42523,ath:AT1G03090
F4HZB9,ath:AT1G03103
Q9ZVT9,ath:AT1G03370
Q8GUL1,ath:AT1G03380
Q9LR78,ath:AT1G03445
Q9ZWA1,ath:AT1G03790
Q9ZWA6,ath:AT1G03840
Q9ZWB9,ath:AT1G03990
Q4VCM1,ath:AT1G04010
Q7GB25,ath:AT1G04120
O64492,ath:AT1G04150
Q5XEP9,ath:AT1G04220
F4I5P7,ath:AT1G04540
Q9SXP7,ath:AT1G04640
Q8LF48,ath:AT1G04710
Q9MAU5,ath:AT1G04970
Q06588,ath:AT1G05010
Q9ZVN6,ath:AT1G05020
Q94C37,ath:AT1G05230
F4I8Q8,ath:AT1G05370
Q9LR47,ath:AT1G05470
Q8L706,ath:AT1G05500
Q9SYK4,ath:AT1G05630
Q0WQ61,ath:AT1G05790
Q9MA46,ath:AT1G05800
O65797,ath:AT1G06080
Q9LND9,ath:AT1G06090
Q9LND8,ath:AT1G06100
Q9FPD5,ath:AT1G06120
Q9LNC2,ath:AT1G06250
P0CZ23,ath:AT1G06290
Q9LMI7,ath:AT1G06310
Q9LMI4,ath:AT1G06350
Q9LMI3,ath:AT1G06360
Q39012,ath:AT1G06390
Q9SHJ5,ath:AT1G06520
Q941F1,ath:AT1G06800
Q9M9Y8,ath:AT1G06820
Q9LMJ3,ath:AT1G06990
Q8L7Y9,ath:AT1G07230
Q9LNV0,ath:AT1G07310
F4HQM3,ath:AT1G07380
Q8VWZ8,ath:AT1G07420
Q9LNW3,ath:AT1G07430
Q9LQP8,ath:AT1G07720
Q9SGD2,ath:AT1G08280
Q9SJE2,ath:AT1G08510
Q39249,ath:AT1G08550
Q93WG3,ath:AT1G08640
Q8VZJ0,ath:AT1G08660
Q8GYI6,ath:AT1G08750
O80482,ath:AT1G09250
O80522,ath:AT1G09390
Q8GYA3,ath:AT1G09400
O80526,ath:AT1G09430
O80536,ath:AT1G09530
O80594,ath:AT1G10030
Q9SY59,ath:AT1G10170
Q9SE83,ath:AT1G10290
Q39264,ath:AT1G10480
Q1G2Y4,ath:AT1G10588
Q6ID97,ath:AT1G10630
Q9SAC8,ath:AT1G10740
Q9SAC0,ath:AT1G10830
Q9SUI2,ath:AT1G10900
O04083,ath:AT1G11090
Q9SAA9,ath:AT1G11680
Q8H0V2,ath:AT1G11755
O65390,ath:AT1G11910
O65378,ath:AT1G12010
F4IC43,ath:AT1G12100
Q39041,ath:AT1G12240
Q9LN86,ath:AT1G12610
F4IDU4,ath:AT1G12640
Q94K70,ath:AT1G12730
Q9LPW7,ath:AT1G12820
Q9SAF0,ath:AT1G13170
Q9ZWM9,ath:AT1G13260
Q93ZC5,ath:AT1G13280
Q9FX56,ath:AT1G13420
Q9FX55,ath:AT1G13430
O82567,ath:AT1G13560
Q6NQI8,ath:AT1G13580
Q8W4R8,ath:AT1G13640
Q9LMX9,ath:AT1G13680
Q9AST3,ath:AT1G14290
Q9LQW4,ath:AT1G14686
P94017,ath:AT1G14910
Q9LQT8,ath:AT1G14920
Q96274,ath:AT1G14930
F4HXW5,ath:AT1G14940
Q93WB5,ath:AT1G14960
Q9XI60,ath:AT1G15080
F4HXY7,ath:AT1G15110
F4HZJ6,ath:AT1G15240
Q9M9E1,ath:AT1G15520
Q39103,ath:AT1G15550
Q94AN4,ath:AT1G16060
Q9S9L9,ath:AT1G16180
Q5E924,ath:AT1G16300
Q9FZ49,ath:AT1G16900
Q76FS5,ath:AT1G17050
Q8RW97,ath:AT1G17340
Q9LNR3,ath:AT1G17420
Q9LQK0,ath:AT1G17470
Q84JG5,ath:AT1G17560
Q9FZ62,ath:AT1G17710
Q8RXN0,ath:AT1G17840
Q9LMT8,ath:AT1G17920
P0DI09,ath:AT1G17990
O24456,ath:AT1G18080
Q9XFK7,ath:AT1G18100
Q8GZ13,ath:AT1G18400
Q8LPF5,ath:AT1G18460
O49782,ath:AT1G18570
Q9FZ86,ath:AT1G18650
Q9M9V6,ath:AT1G18870
Q9LMA8,ath:AT1G19180
Q9LN63,ath:AT1G19350
Q9LN49,ath:AT1G19440
Q9AR07,ath:AT1G19640
F4HP88,ath:AT1G19650
O22527,ath:AT1G19670
Q8L4R0,ath:AT1G19800
B6ETT4,ath:AT1G20080
P40602,ath:AT1G20130
B3H6L2,ath:AT1G20132
B3H5G5,ath:AT1G20135
Q39227,ath:AT1G20330
Q84P21,ath:AT1G20510
Q9LPL5,ath:AT1G21400
Q9LPK7,ath:AT1G21530
Q9LPK6,ath:AT1G21540
Q9XHZ7,ath:AT1G21790
Q9SFD8,ath:AT1G21970
Q56YP2,ath:AT1G21980
Q1PFT7,ath:AT1G22100
Q9LM14,ath:AT1G22180
P48347,ath:AT1G22300
Q56ZI2,ath:AT1G22530
Q9SKA3,ath:AT1G22610
Q7XZU3,ath:AT1G22620
Q8GWK5,ath:AT1G22690
B3H7A9,ath:AT1G23240
F4I4P8,ath:AT1G23250
Q3ED65,ath:AT1G23360
Q9LQC8,ath:AT1G23490
Q9ZUE4,ath:AT1G23500
Q9LRA2,ath:AT1G23910
Q8H1Y0,ath:AT1G24180
Q8L743,ath:AT1G24280
P33207,ath:AT1G24360
Q9FYK5,ath:AT1G24590
F4IAT8,ath:AT1G24793
F4IAW1,ath:AT1G24793
P0DKB8,ath:AT1G24793
P0DKB9,ath:AT1G24793
F4IAU3,ath:AT1G24880
Q9FRH3,ath:AT1G25240
A4D998,ath:AT1G25330
Q9C6L1,ath:AT1G25410
Q9C6L5,ath:AT1G25450
Q38845,ath:AT1G25490
Q8VYP9,ath:AT1G26120
F4IE43,ath:AT1G26200
Q9C671,ath:AT1G26270
Q8GW32,ath:AT1G26945
Q8LFD3,ath:AT1G26960
Q9FZI8,ath:AT1G27480
F4HSY8,ath:AT1G27570
Q96289,ath:AT1G27730
Q9C7F7,ath:AT1G27950
Q9C509,ath:AT1G27980
Q9FXJ1,ath:AT1G28570
Q9FXJ2,ath:AT1G28580
Q8RXT9,ath:AT1G28590
Q94F40,ath:AT1G28600
Q9SHP6,ath:AT1G28610
P0C8Z7,ath:AT1G28640
Q3E7I6,ath:AT1G28650
Q9FPE4,ath:AT1G28660
Q38894,ath:AT1G28670
Q9C7N5,ath:AT1G29660
Q9C7N4,ath:AT1G29670
Q8VZ87,ath:AT1G29910
P04778,ath:AT1G29930
Q9XFR9,ath:AT1G30040
Q9C6Z1,ath:AT1G30100
Q9C6Z3,ath:AT1G30120
Q9C8G6,ath:AT1G30370
O04292,ath:AT1G30490
Q8VYJ1,ath:AT1G30520
Q9SA71,ath:AT1G30560
Q9SA72,ath:AT1G30570
Q94C59,ath:AT1G30690
P0C2G3,ath:AT1G30925
Q94F00,ath:AT1G31190
Q8W5R2,ath:AT1G31480
Q9C857,ath:AT1G31550
Q93VK5,ath:AT1G31800
P57752,ath:AT1G31812
Q17TI5,ath:AT1G31880
Q9C6W6,ath:AT1G31950
Q43307,ath:AT1G32200
Q39080,ath:AT1G32210
Q9LQN1,ath:AT1G32280
Q93Z53,ath:AT1G32440
Q39204,ath:AT1G32640
Q9C502,ath:AT1G33340
F4HR96,ath:AT1G33700
Q9LQ27,ath:AT1G33750
Q8L5Z1,ath:AT1G33811
Q9LQ36,ath:AT1G33840
Q84MA2,ath:AT1G34120
Q9FX21,ath:AT1G34130
Q9XIC7,ath:AT1G34210
Q9XID0,ath:AT1G34260
Q3ED15,ath:AT1G34490
Q4PT07,ath:AT1G34500
Q9LNL1,ath:AT1G34520
Q9S9Z0,ath:AT1G34650
Q9SYT0,ath:AT1G35720
Q2PE60,ath:AT1G36150
Q38970,ath:AT1G36160
F4I1L3,ath:AT1G36180
F4I4W2,ath:AT1G37150
Q9XIG1,ath:AT1G43620
Q3ECX8,ath:AT1G43665
Q56Y90,ath:AT1G43666
Q9MA74,ath:AT1G43710
Q84VY3,ath:AT1G43800
Q4PT02,ath:AT1G44090
Q9C6Y4,ath:AT1G44120
F4HPM2,ath:AT1G45015
Q9FX01,ath:AT1G47290
Q5EAF2,ath:AT1G47510
P0C7R2,ath:AT1G47578
F4HV37,ath:AT1G47786
Q84WL9,ath:AT1G47830
Q9C7Z1,ath:AT1G47990
Q9M5K3,ath:AT1G48030
O04714,ath:AT1G48270
Q9LP65,ath:AT1G48590
Q944H0,ath:AT1G48600
Q94AQ3,ath:AT1G48750
Q9C748,ath:AT1G48800
Q9C749,ath:AT1G48820
Q9M9A1,ath:AT1G48990
Q9SXA1,ath:AT1G49340
Q9XIA9,ath:AT1G49430
O22043,ath:AT1G49530
Q8VWK4,ath:AT1G49950
Q9FR53,ath:AT1G50030
Q9LPR8,ath:AT1G50420
Q9LDU6,ath:AT1G50430
Q9C6I4,ath:AT1G50960
Q9C680,ath:AT1G51040
Q8LAP6,ath:AT1G51110
Q9SYC8,ath:AT1G51260
Q9C8J6,ath:AT1G51440
Q9C8K2,ath:AT1G51500
Q9C8H3,ath:AT1G51570
Q9ZU11,ath:AT1G52150
Q3ECR8,ath:AT1G52415
Q9SSQ9,ath:AT1G52570
Q9C942,ath:AT1G52760
Q9C920,ath:AT1G53000
Q9C8L2,ath:AT1G53520
Q8LG32,ath:AT1G53870
Q9SSA7,ath:AT1G53920
Q9SYF0,ath:AT1G53940
Q9SYF5,ath:AT1G53990
Q1H583,ath:AT1G54000
Q8W4H8,ath:AT1G54010
Q9C5N8,ath:AT1G54020
Q7XA74,ath:AT1G54030
Q5M729,ath:AT1G54220
Q9SLK6,ath:AT1G54280
Q9SLK2,ath:AT1G54320
Q6NLC1,ath:AT1G54350
P25701,ath:AT1G54580
Q8H1Q5,ath:AT1G54710
Q3ECP6,ath:AT1G54790
Q9ZVL0,ath:AT1G54860
Q06327,ath:AT1G55020
Q9C888,ath:AT1G55180
F4I083,ath:AT1G55260
Q84P17,ath:AT1G55320
Q9SAV3,ath:AT1G55510
Q9ZWC8,ath:AT1G55610
Q501H5,ath:AT1G55690
A8MRG3,ath:AT1G55840
F4I568,ath:AT1G56630
Q9FXB6,ath:AT1G56670
Q9FVR9,ath:AT1G57770
Q9C648,ath:AT1G58430
Q9SM02,ath:AT1G58440
F4IBF0,ath:AT1G58725
Q3ECM4,ath:AT1G58725
Q93WB3,ath:AT1G58936
Q94HW4,ath:AT1G59171
Q9XIE6,ath:AT1G59820
P52901,ath:AT1G59900
P42339,ath:AT1G60490
Q8GYN9,ath:AT1G60550
Q0WUA3,ath:AT1G60600
O22718,ath:AT1G60810
Q8RY89,ath:AT1G60890
Q9C958,ath:AT1G60940
Q9C955,ath:AT1G60980
Q93YV0,ath:AT1G61120
O64792,ath:AT1G61280
Q84UV0,ath:AT1G61680
Q94B38,ath:AT1G61800
O04584,ath:AT1G62190
Q8VYL3,ath:AT1G62290
Q41931,ath:AT1G62380
O04928,ath:AT1G62430
Q9SXE7,ath:AT1G62500
P49243,ath:AT1G62640
Q43348,ath:AT1G62660
Q9LQ12,ath:AT1G62940
Q9SGJ6,ath:AT1G63030
Q9CAN8,ath:AT1G63050
Q8VZB3,ath:AT1G63110
Q9C8S6,ath:AT1G63220
Q9SH27,ath:AT1G63410
Q9CAD5,ath:AT1G63700
Q9CAD6,ath:AT1G63710
Q9CAK8,ath:AT1G63970
F4I5A5,ath:AT1G64130
Q3E7C3,ath:AT1G64235
Q9C7W4,ath:AT1G64400
Q9ZSK1,ath:AT1G64970
O80800,ath:AT1G65290
Q9AT00,ath:AT1G65410
Q9SXZ2,ath:AT1G65480
Q84W55,ath:AT1G65580
Q9SS00,ath:AT1G65890
Q9C8E3,ath:AT1G66020
Q9C8D4,ath:AT1G66120
P49333,ath:AT1G66340
Q9C8Y3,ath:AT1G66350
Q9C8Y2,ath:AT1G66360
Q9FZI2,ath:AT1G66960
D7SFH9,ath:AT1G66980
Q39265,ath:AT1G67030
Q9FZH5,ath:AT1G67070
Q9ZW96,ath:AT1G67100
Q9CAG3,ath:AT1G67560
Q8L9C4,ath:AT1G67730
Q9FXE5,ath:AT1G67830
Q8LBA6,ath:AT1G68000
Q9C9W5,ath:AT1G68010
Q9C9X3,ath:AT1G68090
Q9C9X5,ath:AT1G68110
Q9C9G2,ath:AT1G68270
Q9C9G7,ath:AT1G68320
Q9ZSY2,ath:AT1G68370
Q9M9C7,ath:AT1G68420
Q94ID3,ath:AT1G68460
Q9XF43,ath:AT1G68530
Q9SX33,ath:AT1G68710
Q15KI9,ath:AT1G68890
Q9CAA4,ath:AT1G69010
Q93V72,ath:AT1G69295
Q9C533,ath:AT1G69420
Q6R8G0,ath:AT1G69480
Q9C788,ath:AT1G69500
Q8VYI1,ath:AT1G69640
Q8H157,ath:AT1G69850
Q84UU9,ath:AT1G70080
Q9CAB8,ath:AT1G70680
Q9SSL1,ath:AT1G70810
F4I6Z0,ath:AT1G70870
Q9SSJ8,ath:AT1G71010
Q9C996,ath:AT1G71120
Q9C992,ath:AT1G71160
Q9FVV1,ath:AT1G71250
F4I8H8,ath:AT1G71340
Q9SF78,ath:AT1G71691
Q9M9H6,ath:AT1G71697
Q8H0Z6,ath:AT1G71710
Q94AG2,ath:AT1G71830
Q9C8X2,ath:AT1G71890
F4IBP0,ath:AT1G72110
Q56WK6,ath:AT1G72150
Q56Z59,ath:AT1G72160
Q9FNX8,ath:AT1G72520
Q9CAH5,ath:AT1G72590
Q9SGG3,ath:AT1G72700
Q9FX31,ath:AT1G73360
Q94AM5,ath:AT1G73480
Q1PFD8,ath:AT1G73560
Q9C6B9,ath:AT1G73600
Q9C9V0,ath:AT1G73610
Q9C9U3,ath:AT1G73680
Q9C9T8,ath:AT1G73740
Q9C9T4,ath:AT1G73780
Q9C9B1,ath:AT1G73890
Q949N8,ath:AT1G73920
Q9C9C8,ath:AT1G74080
Q9C9C9,ath:AT1G74090
Q9C9D0,ath:AT1G74100
Q9C907,ath:AT1G74210
Q9C914,ath:AT1G74290
Q8L518,ath:AT1G74320
Q9CA68,ath:AT1G74460
Q9CA67,ath:AT1G74470
Q9CA64,ath:AT1G74500
Q9CA51,ath:AT1G74660
Q6NMQ7,ath:AT1G74670
Q9S7H8,ath:AT1G74710
B8XCH5,ath:AT1G74720
Q9C9P4,ath:AT1G74960
Q8L4Y2,ath:AT1G75020
Q8S307,ath:AT1G75080
Q8GXC6,ath:AT1G75370
P59229,ath:AT1G75630
Q94CH8,ath:AT1G75880
Q94CH7,ath:AT1G75890
Q94CH6,ath:AT1G75900
Q0WUV7,ath:AT1G75910
Q94CH5,ath:AT1G75920
Q93X94,ath:AT1G75930
Q9LQS1,ath:AT1G75960
Q94JS4,ath:AT1G76090
Q8VYI3,ath:AT1G76150
Q9SFW5,ath:AT1G76290
Q9SFX3,ath:AT1G76400
P14891,ath:AT1G76490
Q9C9K1,ath:AT1G76570
Q8LAH7,ath:AT1G76680
Q8GYB8,ath:AT1G76690
O80658,ath:AT1G77240
Q9FVW6,ath:AT1G77420
Q9CAP8,ath:AT1G77590
Q8L796,ath:AT1G77740
Q01525,ath:AT1G78300
Q9M9F5,ath:AT1G78390
Q8LEA2,ath:AT1G78440
Q9M9G0,ath:AT1G78480
Q9SYN1,ath:AT1G78500
Q8S948,ath:AT1G78510
Q93YR2,ath:AT1G78560
Q9ZV87,ath:AT1G78690
F4IBV4,ath:AT1G78800
B6EXY6,ath:AT1G78950
P0C8Y0,ath:AT1G78955
Q8RWT0,ath:AT1G78960
Q9C5M3,ath:AT1G78970
F4IDI6,ath:AT1G79110
O64527,ath:AT1G79260
Q8L8W0,ath:AT1G79450
Q9SAK2,ath:AT1G79460
Q9SAJ6,ath:AT1G79530
Q9MA15,ath:AT1G79600
A0JPZ8,ath:AT1G79700
Q9CA83,ath:AT1G79750
Q9CA86,ath:AT1G79810
P46607,ath:AT1G79840
Q9SSC7,ath:AT1G80120
Q9C971,ath:AT1G80330
Q9ZT84,ath:AT1G80340
Q9SAH5,ath:AT1G80860
Q8L7R3,ath:AT1G80950
Q9ZU49,ath:AT2G01180
Q9ZVF6,ath:AT2G01490
Q9ZVF1,ath:AT2G01540
Q9SLH3,ath:AT2G01570
Q8LBH2,ath:AT2G01600
Q9ZU97,ath:AT2G01690
Q9ZUA0,ath:AT2G01720
Q9SIS4,ath:AT2G01900
Q9SHV5,ath:AT2G01920
Q9ZPS9,ath:AT2G01950
O64728,ath:AT2G02480
P69834,ath:AT2G02500
Q9SWH5,ath:AT2G03220
P52839,ath:AT2G03760
Q9SI52,ath:AT2G03890
Q9SIF5,ath:AT2G03980
Q9SIF3,ath:AT2G04020
Q9SJD4,ath:AT2G04350
Q8L3X9,ath:AT2G04540
Q9SJB4,ath:AT2G04570
A8MQF2,ath:AT2G05260
Q9ZUF7,ath:AT2G05910
Q9SLA8,ath:AT2G05990
Q9FUP0,ath:AT2G06050
Q8S8N6,ath:AT2G06925
P38605,ath:AT2G07050
P93316,ath:AT2G07719
Q9SI93,ath:AT2G11810
Q9SL56,ath:AT2G13100
Q9SKG5,ath:AT2G13790
Q9ZQI8,ath:AT2G13820
Q3EC11,ath:AT2G14255
Q9ZQR8,ath:AT2G14560
Q3EC04,ath:AT2G14846
O82328,ath:AT2G14900
O82330,ath:AT2G14920
Q9ZUK6,ath:AT2G15050
Q4V3C9,ath:AT2G15090
Q71DJ5,ath:AT2G15230
Q6AWW0,ath:AT2G15325
F4IJE1,ath:AT2G15900
Q9SIX1,ath:AT2G16280
Q9SIW3,ath:AT2G16380
Q9SI62,ath:AT2G16530
A8MRF0,ath:AT2G16900
O23006,ath:AT2G17120
Q7DNC3,ath:AT2G17270
Q38872,ath:AT2G17290
P43256,ath:AT2G17370
Q9C5S2,ath:AT2G17520
Q8S2T1,ath:AT2G17570
Q9SEY5,ath:AT2G17650
Q7XJR9,ath:AT2G17890
F4IPJ1,ath:AT2G17930
Q9SI13,ath:AT2G18180
Q9ZPV8,ath:AT2G18250
Q9ZPW9,ath:AT2G18370
F4IQJ4,ath:AT2G18420
Q9ZU77,ath:AT2G18620
Q9SLG2,ath:AT2G18640
Q8VZG1,ath:AT2G18730
Q8VWJ1,ath:AT2G18950
O64468,ath:AT2G19050
O64469,ath:AT2G19060
Q9SLD2,ath:AT2G19450
Q9ZUN4,ath:AT2G19590
Q8GZB4,ath:AT2G19690
Q93Z70,ath:AT2G19940
Q8GZM7,ath:AT2G20180
Q9SIV0,ath:AT2G20610
Q9ZWT1,ath:AT2G20860
P47925,ath:AT2G20870
Q9C5E5,ath:AT2G20900
F4IFM9,ath:AT2G21010
F4IHJ0,ath:AT2G21520
Q93ZE9,ath:AT2G21540
Q9SJ02,ath:AT2G21970
Q38862,ath:AT2G22240
F4IKF6,ath:AT2G22730
O81000,ath:AT2G22830
O81006,ath:AT2G22890
O22184,ath:AT2G23230
F4IMI8,ath:AT2G23400
O80458,ath:AT2G23410
O80470,ath:AT2G23540
O04046,ath:AT2G23800
Q9ZUH4,ath:AT2G24210
Q9SJA9,ath:AT2G24560
Q9SK39,ath:AT2G24940
P52032,ath:AT2G25080
Q9S775,ath:AT2G25170
Q8S8D3,ath:AT2G25350
Q8LF20,ath:AT2G25430
Q9SL92,ath:AT2G25710
O80988,ath:AT2G26080
B9DFU2,ath:AT2G26170
Q570B4,ath:AT2G26250
Q67ZE1,ath:AT2G26260
P18064,ath:AT2G26300
Q84RK2,ath:AT2G26310
Q9SYU4,ath:AT2G26350
O48709,ath:AT2G26420
O48723,ath:AT2G26560
O48780,ath:AT2G26640
O48782,ath:AT2G26670
O48786,ath:AT2G26710
O81027,ath:AT2G26800
O81024,ath:AT2G26830
O81020,ath:AT2G26870
Q1EBV7,ath:AT2G26900
O81014,ath:AT2G26930
Q9ZVC7,ath:AT2G27130
Q9ZQI3,ath:AT2G27360
Q9ZQI0,ath:AT2G27380
Q9ZNV5,ath:AT2G27550
Q9ZUX1,ath:AT2G27690
Q681X4,ath:AT2G28200
F4IHT0,ath:AT2G28320
Q9SKM9,ath:AT2G28410
Q9SIB2,ath:AT2G28630
Q9ZV28,ath:AT2G28860
Q9ZW22,ath:AT2G29390
Q56Y01,ath:AT2G29525
Q9ST43,ath:AT2G29700
P48623,ath:AT2G29980
O22918,ath:AT2G30220
Q8GWL2,ath:AT2G30270
O22927,ath:AT2G30310
Q3EBR6,ath:AT2G30550
O49339,ath:AT2G30740
Q6GKX7,ath:AT2G30810
O49354,ath:AT2G30920
Q39010,ath:AT2G30980
Q8S8P9,ath:AT2G31030
Q9SID2,ath:AT2G31360
Q9SIQ3,ath:AT2G31540
Q9SIQ2,ath:AT2G31550
Q9C5X4,ath:AT2G31650
Q9SIN9,ath:AT2G31690
Q7XJU1,ath:AT2G31730
Q9SKB7,ath:AT2G31830
Q0WQ41,ath:AT2G32010
Q9ZV56,ath:AT2G32260
Q9ZV65,ath:AT2G32370
Q9C5Y2,ath:AT2G32440
Q0WVA1,ath:AT2G32640
Q56WD9,ath:AT2G33150
O22783,ath:AT2G33320
O22788,ath:AT2G33380
Q6DR03,ath:AT2G33640
Q39142,ath:AT2G34430
O64698,ath:AT2G34490
O64697,ath:AT2G34500
O64692,ath:AT2G34555
O64688,ath:AT2G34590
Q5HZ00,ath:AT2G34630
Q42093,ath:AT2G34660
O04291,ath:AT2G34710
O48916,ath:AT2G34770
O64761,ath:AT2G34980
O82302,ath:AT2G35350
O82291,ath:AT2G35490
Q9ZQP1,ath:AT2G35680
Q9ZQP2,ath:AT2G35690
Q9SJN0,ath:AT2G36270
Q8GW19,ath:AT2G36305
Q8RWJ4,ath:AT2G36325
Q9ZQ94,ath:AT2G36800
P25818,ath:AT2G36830
Q9SJL7,ath:AT2G36890
Q9SJL2,ath:AT2G36950
Q0WT19,ath:AT2G37440
O80925,ath:AT2G37550
O80931,ath:AT2G37630
O80932,ath:AT2G37640
F4IR05,ath:AT2G37700
O80944,ath:AT2G37760
Q0PGJ6,ath:AT2G37770
Q84TF0,ath:AT2G37790
Q9SHA0,ath:AT2G37870
Q9SH93,ath:AT2G37940
Q304B9,ath:AT2G38010
Q9LD43,ath:AT2G38040
Q38944,ath:AT2G38050
O80437,ath:AT2G38110
O80443,ath:AT2G38180
O80448,ath:AT2G38230
Q9S7I3,ath:AT2G38530
Q42589,ath:AT2G38540
Q9ZVI6,ath:AT2G38640
Q9ZVI9,ath:AT2G38670
Q9ZVJ5,ath:AT2G38740
Q9ZVJ6,ath:AT2G38750
Q9SE45,ath:AT2G38760
F4IU14,ath:AT2G38995
O80959,ath:AT2G39220
Q8RXN7,ath:AT2G39420
Q0WT61,ath:AT2G39435
B3H5S3,ath:AT2G39445
O80641,ath:AT2G39540
O80642,ath:AT2G39550
O04197,ath:AT2G39940
Q8GV43,ath:AT2G40116
Q9XEE9,ath:AT2G40190
Q9SIZ6,ath:AT2G40250
Q949Q0,ath:AT2G40690
Q8GYD7,ath:AT2G40810
F4IIZ8,ath:AT2G40815
O22199,ath:AT2G40850
O80685,ath:AT2G40990
Q9SLG9,ath:AT2G41210
Q8RWS1,ath:AT2G41230
Q8LAS8,ath:AT2G41530
O22216,ath:AT2G41540
O22941,ath:AT2G41790
P93751,ath:AT2G41940
P93733,ath:AT2G42010
Q8S9M1,ath:AT2G42130
F4IN30,ath:AT2G42450
Q9SIN1,ath:AT2G42580
Q9SJI7,ath:AT2G42690
Q9SJH7,ath:AT2G42790
Q9SJH0,ath:AT2G42870
Q67ZI9,ath:AT2G42990
Q9SKX1,ath:AT2G43060
Q67YI9,ath:AT2G43160
A9X4U2,ath:AT2G43420
O22832,ath:AT2G43710
O80560,ath:AT2G43900
O80568,ath:AT2G43980
Q8RXL7,ath:AT2G44080
Q8S929,ath:AT2G44140
Q3EBG4,ath:AT2G44175
O64864,ath:AT2G44290
O64886,ath:AT2G44520
P53665,ath:AT2G44620
O80505,ath:AT2G44660
Q948R1,ath:AT2G44810
Q7XJM2,ath:AT2G44990
Q9SHC8,ath:AT2G45140
Q8S926,ath:AT2G45170
O22133,ath:AT2G45400
O64645,ath:AT2G45660
Q8S8S2,ath:AT2G45670
Q8S8S1,ath:AT2G45690
Q58FX0,ath:AT2G45760
O80840,ath:AT2G45790
O80837,ath:AT2G45820
O80829,ath:AT2G45900
O80823,ath:AT2G45970
O82359,ath:AT2G46090
Q3EBF7,ath:AT2G46210
Q9ZPY9,ath:AT2G46500
Q9ZNV4,ath:AT2G46650
Q9ZUZ0,ath:AT2G46720
P92973,ath:AT2G46830
Q8W4F1,ath:AT2G46910
Q8RWN7,ath:AT2G46920
P36397,ath:AT2G47170
O22898,ath:AT2G47240
O82244,ath:AT2G47760
Q39089,ath:AT2G48120
Q7EB72,ath:AT2G48130
Q38997,ath:AT3G01090
F4JD48,ath:AT3G01380
Q9SGH6,ath:AT3G01420
Q9SSA1,ath:AT3G01530
Q9SS98,ath:AT3G01570
Q93ZC9,ath:AT3G01640
Q9SGA2,ath:AT3G02040
Q9SRU2,ath:AT3G02260
Q1PET6,ath:AT3G02410
Q9M884,ath:AT3G02570
Q9M883,ath:AT3G02590
Q8LFD1,ath:AT3G02600
Q9M881,ath:AT3G02610
Q9M880,ath:AT3G02620
Q9M879,ath:AT3G02630
Q42553,ath:AT3G02780
Q9M8S8,ath:AT3G02870
Q84J95,ath:AT3G02885
Q9M9P4,ath:AT3G03260
Q93V61,ath:AT3G03310
Q8GXW1,ath:AT3G03450
Q9SRQ3,ath:AT3G03490
Q9SRQ6,ath:AT3G03520
Q9SRQ7,ath:AT3G03530
Q9S816,ath:AT3G03540
Q8GZQ3,ath:AT3G03710
P25858,ath:AT3G04120
Q9M8Y5,ath:AT3G04290
F4J3N4,ath:AT3G04360
Q9M841,ath:AT3G04460
Q93WC8,ath:AT3G04830
Q38893,ath:AT3G04870
Q3EBC2,ath:AT3G04970
Q9MAA7,ath:AT3G05120
Q9MAA1,ath:AT3G05180
Q9MA90,ath:AT3G05290
Q9MA55,ath:AT3G05420
Q94F16,ath:AT3G05510
Q9M9W8,ath:AT3G05630
Q9M9L6,ath:AT3G05800
Q8LPS1,ath:AT3G05970
Q0WRJ2,ath:AT3G06060
Q8S925,ath:AT3G06420
Q8LLD4,ath:AT3G06540
Q9C8Z9,ath:AT3G06590
Q9C522,ath:AT3G06650
P0CZ24,ath:AT3G06690
Q9M7Z1,ath:AT3G06850
Q9ZPI5,ath:AT3G06860
Q9M903,ath:AT3G06960
Q9M8Z7,ath:AT3G07020
Q949U5,ath:AT3G07140
F4JDA5,ath:AT3G07180
Q9SRS6,ath:AT3G07400
Q9SRS1,ath:AT3G07450
Q9SRR0,ath:AT3G07560
Q9SFB8,ath:AT3G07960
Q39033,ath:AT3G08510
Q9LDB4,ath:AT3G08770
Q9XF88,ath:AT3G08940
Q9SR33,ath:AT3G09300
Q93VV0,ath:AT3G09320
Q9SF47,ath:AT3G09560
Q8RWU3,ath:AT3G09600
Q8L850,ath:AT3G09920
Q9SF94,ath:AT3G09930
F4J2J7,ath:AT3G10116
Q38933,ath:AT3G10230
Q9SS39,ath:AT3G10280
Q4V3C8,ath:AT3G10540
F4J3T8,ath:AT3G10550
Q8W4B2,ath:AT3G10572
B3H5L1,ath:AT3G10986
P46310,ath:AT3G11170
Q9SRM5,ath:AT3G11210
Q9C773,ath:AT3G11280
Q9CAY3,ath:AT3G11430
Q9FR97,ath:AT3G11440
Q9S7D1,ath:AT3G11670
Q9SF24,ath:AT3G11740
F4J7G5,ath:AT3G11780
Q1ACB3,ath:AT3G11945
Q08891,ath:AT3G11980
P46313,ath:AT3G12120
Q9LKZ3,ath:AT3G12280
F4J9T2,ath:AT3G12545
Q9LTW0,ath:AT3G12740
Q9LTV6,ath:AT3G12800
Q9LDD1,ath:AT3G12920
Q9LJF3,ath:AT3G13380
Q9LDY2,ath:AT3G13450
Q94IA6,ath:AT3G13730
Q9LVK9,ath:AT3G13900
Q8RWN9,ath:AT3G13930
Q94A27,ath:AT3G14205
Q9LJG3,ath:AT3G14210
Q9LJP2,ath:AT3G14220
Q9LJP1,ath:AT3G14225
Q9LUM4,ath:AT3G14230
Q9LUM1,ath:AT3G14260
Q9LUM0,ath:AT3G14270
F4JFU8,ath:AT3G14360
Q9LRR7,ath:AT3G14440
Q9LRR2,ath:AT3G14490
Q9LRR0,ath:AT3G14510
Q9LUE2,ath:AT3G14520
Q9LUE1,ath:AT3G14530
Q9LUE0,ath:AT3G14540
Q9LUD9,ath:AT3G14550
B3H4I1,ath:AT3G14590
Q9LH73,ath:AT3G14820
Q9LJR2,ath:AT3G15356
Q38882,ath:AT3G15730
Q9LVZ8,ath:AT3G15810
Q9LVZ7,ath:AT3G15820
Q9LVZ6,ath:AT3G15830
Q949X0,ath:AT3G15850
Q9LVZ3,ath:AT3G15870
Q9ZNR6,ath:AT3G16050
Q8H151,ath:AT3G16170
Q9LU14,ath:AT3G16370
Q9LUS7,ath:AT3G16570
Q9LRZ5,ath:AT3G16785
Q9LSQ1,ath:AT3G16900
Q8VZF1,ath:AT3G16910
A8MS68,ath:AT3G16950
Q9LSN7,ath:AT3G17100
Q9M5K2,ath:AT3G17240
Q9FR44,ath:AT3G18000
Q0WNG6,ath:AT3G18220
Q9LIH7,ath:AT3G18620
Q9LHN4,ath:AT3G18850
Q9LJL4,ath:AT3G19160
Q9LJK3,ath:AT3G19260
Q9LT75,ath:AT3G19420
Q8GXD9,ath:AT3G19570
Q39085,ath:AT3G19820
B6ETT7,ath:AT3G19830
Q9LJY2,ath:AT3G20160
Q8LEA0,ath:AT3G20480
F4JEQ1,ath:AT3G20520
Q9C5V6,ath:AT3G20780
Q9LVF0,ath:AT3G21560
Q9LDC0,ath:AT3G21640
Q9LIE4,ath:AT3G22180
Q94C26,ath:AT3G22231
Q9LUW0,ath:AT3G22400
P34047,ath:AT3G22425
Q9LJ88,ath:AT3G22580
Q9LJ85,ath:AT3G22620
Q93V47,ath:AT3G22942
Q9LIK0,ath:AT3G22960
F4J2V1,ath:AT3G23080
Q9LW56,ath:AT3G23410
F4J432,ath:AT3G23460
F4J434,ath:AT3G23480
Q8GZ28,ath:AT3G23510
Q94ID1,ath:AT3G23630
Q9LK39,ath:AT3G23790
Q9LIS1,ath:AT3G23840
Q8VZ08,ath:AT3G24180
Q9LRM7,ath:AT3G24220
F4J7S8,ath:AT3G24840
Q8GYN5,ath:AT3G25070
Q42561,ath:AT3G25110
Q9LSF8,ath:AT3G25180
Q38931,ath:AT3G25230
Q9LSF1,ath:AT3G25250
Q9LSF0,ath:AT3G25260
Q8RXE8,ath:AT3G25410
Q67XL4,ath:AT3G25440
Q9LDF2,ath:AT3G25540
O82568,ath:AT3G25585
Q9LS03,ath:AT3G25760
Q9LS02,ath:AT3G25770
Q9LS01,ath:AT3G25780
Q9LRZ6,ath:AT3G25810
P0DI77,ath:AT3G25820
Q6DR02,ath:AT3G25950
Q9LU85,ath:AT3G26070
Q6DBN2,ath:AT3G26080
Q9LIN2,ath:AT3G26430
Q9LIM9,ath:AT3G26460
Q52K88,ath:AT3G26690
Q9LW31,ath:AT3G26790
Q9LW29,ath:AT3G26810
Q0WQK2,ath:AT3G26935
Q9LK23,ath:AT3G27300
F4IWG2,ath:AT3G27325
Q42431,ath:AT3G27660
Q7XZF5,ath:AT3G27670
Q9LK95,ath:AT3G27810
Q9LK90,ath:AT3G27870
P27900,ath:AT3G27920
Q9LJX1,ath:AT3G28857
Q9SCU7,ath:AT3G28910
Q9LVP7,ath:AT3G29110
P92958,ath:AT3G29160
Q9LS76,ath:AT3G29190
Q9LS68,ath:AT3G29255
Q9LIA1,ath:AT3G29410
Q9LIA0,ath:AT3G29430
Q9LJB5,ath:AT3G29580
Q940V4,ath:AT3G30180
F4J7V2,ath:AT3G30805
Q9LH31,ath:AT3G32030
Q9LHR4,ath:AT3G32040
Q7XZU2,ath:AT3G43220
Q3EAQ9,ath:AT3G43550
Q9FYD3,ath:AT3G43570
Q7G192,ath:AT3G43600
Q9LZH5,ath:AT3G43720
Q9LZG4,ath:AT3G43840
Q94AW8,ath:AT3G44110
Q9LXN3,ath:AT3G44540
Q0WRB0,ath:AT3G44550
Q1PEI6,ath:AT3G44560
F4J376,ath:AT3G44740
Q9FYC7,ath:AT3G44830
P93046,ath:AT3G44990
Q9M1V2,ath:AT3G45070
Q1G1A4,ath:AT3G45130
P38418,ath:AT3G45140
Q8LCU7,ath:AT3G45770
Q9LX66,ath:AT3G46290
Q9SNC3,ath:AT3G46550
Q9SNB9,ath:AT3G46590
Q9STE8,ath:AT3G46740
Q6NMA7,ath:AT3G47220
Q9STZ3,ath:AT3G47290
Q9STY8,ath:AT3G47350
Q9STY7,ath:AT3G47360
Q9C5L3,ath:AT3G47420
Q66GP9,ath:AT3G47450
P27521,ath:AT3G47470
Q93Z00,ath:AT3G47620
F4JCN9,ath:AT3G47710
Q9SU67,ath:AT3G48040
F4JDV4,ath:AT3G48195
Q9STM3,ath:AT3G48430
Q9STM6,ath:AT3G48460
Q8LBB2,ath:AT3G48530
Q8H965,ath:AT3G48610
Q9M306,ath:AT3G48760
Q9M304,ath:AT3G48780
Q8RY00,ath:AT3G48820
Q9M2Z8,ath:AT3G48850
Q9M2Z4,ath:AT3G48890
Q9SMU2,ath:AT3G49050
Q9M3B3,ath:AT3G49190
Q9M3B2,ath:AT3G49200
Q9M2X3,ath:AT3G49850
Q9M2R9,ath:AT3G50400
O64989,ath:AT3G50660
Q9SVL9,ath:AT3G50790
F4J220,ath:AT3G50920
Q7XA86,ath:AT3G51390
Q9C5G5,ath:AT3G51460
Q9ASU1,ath:AT3G51520
Q9SCZ4,ath:AT3G51550
Q9SCZ0,ath:AT3G51590
Q9XFS7,ath:AT3G51600
Q9SCU1,ath:AT3G51670
Q38833,ath:AT3G51820
Q96329,ath:AT3G51840
Q9SV07,ath:AT3G51970
Q9SUY9,ath:AT3G52160
Q0WQF7,ath:AT3G52200
Q9S745,ath:AT3G52430
Q9LDR4,ath:AT3G52940
Q0WPI9,ath:AT3G53100
Q6TBX7,ath:AT3G53130
Q9M338,ath:AT3G53880
Q7DMA9,ath:AT3G54010
Q9M325,ath:AT3G54020
F4JCU3,ath:AT3G54250
Q6X5Y6,ath:AT3G54320
Q42529,ath:AT3G54640
Q9M1T1,ath:AT3G54690
Q9CB01,ath:AT3G54840
Q93Z04,ath:AT3G54920
Q9SV43,ath:AT3G54950
Q9M2W3,ath:AT3G55030
Q9M3D1,ath:AT3G55180
Q9M3D0,ath:AT3G55190
Q9M2U2,ath:AT3G55360
Q9M2T2,ath:AT3G55470
Q9LDW5,ath:AT3G55730
Q9LY51,ath:AT3G55940
F4IY77,ath:AT3G56130
F4IZC4,ath:AT3G56160
Q9LYM3,ath:AT3G56180
Q8VXZ7,ath:AT3G56310
Q0WPK3,ath:AT3G56440
Q0WMZ6,ath:AT3G56600
B9TSP7,ath:AT3G56700
B3DN87,ath:AT3G56920
Q9M1K5,ath:AT3G56930
Q9M1K2,ath:AT3G56960
Q9M2L6,ath:AT3G57310
Q8LG50,ath:AT3G57650
Q9M2P7,ath:AT3G58010
Q84WI0,ath:AT3G58070
Q9M2K6,ath:AT3G58100
Q9M2I9,ath:AT3G58270
Q58FV5,ath:AT3G58280
Q9M2I6,ath:AT3G58300
Q9M2I3,ath:AT3G58330
Q9M2G7,ath:AT3G58490
Q9LXS6,ath:AT3G58750
Q9LXR7,ath:AT3G58850
Q9LX33,ath:AT3G59380
Q7XZU0,ath:AT3G59770
Q9M1Y0,ath:AT3G59950
Q9M1D7,ath:AT3G60060
Q9M001,ath:AT3G60620
Q9LZZ9,ath:AT3G60640
Q8VYP5,ath:AT3G60800
F4JD16,ath:AT3G60950
F4JD27,ath:AT3G61030
Q9M2E8,ath:AT3G61150
Q941L2,ath:AT3G61190
Q9M2D5,ath:AT3G61290
Q9M2D4,ath:AT3G61300
Q9M2C6,ath:AT3G61380
Q9XF92,ath:AT3G61460
Q9SYW8,ath:AT3G61470
Q9ZRP7,ath:AT3G61580
Q9M1R2,ath:AT3G62120
Q6NLP7,ath:AT3G62280
Q9M1P5,ath:AT3G62290
Q570C0,ath:AT3G62980
Q9LYC1,ath:AT3G63010
Q93WC9,ath:AT3G63110
Q9M1X2,ath:AT3G63170
Q93ZQ3,ath:AT3G63200
Q9LY74,ath:AT3G63410
Q9FDX9,ath:AT3G63420
O65572,ath:AT3G63520
Q8L649,ath:AT3G63530
O81304,ath:AT4G00030
Q8RW93,ath:AT4G00165
O23078,ath:AT4G00240
O23066,ath:AT4G00360
Q5XF03,ath:AT4G00400
B3H4G1,ath:AT4G00467
Q8W495,ath:AT4G00500
Q8W1S1,ath:AT4G00550
Q8RXU9,ath:AT4G00700
Q8W4L3,ath:AT4G00710
Q96287,ath:AT4G00720
Q0WV12,ath:AT4G00730
Q5M757,ath:AT4G00840
Q9M153,ath:AT4G01130
Q9M149,ath:AT4G01190
Q9M148,ath:AT4G01200
C0SVG5,ath:AT4G01280
Q8RX88,ath:AT4G01320
Q5MK23,ath:AT4G01510
Q9M115,ath:AT4G01730
Q1G3L2,ath:AT4G01883
Q9ZST4,ath:AT4G01900
Q9SYJ2,ath:AT4G01950
Q8RXK7,ath:AT4G02330
O81283,ath:AT4G02510
O22765,ath:AT4G02610
Q8GX47,ath:AT4G02650
Q38802,ath:AT4G02780
Q9ZR12,ath:AT4G03190
Q94KI8,ath:AT4G03560
O81439,ath:AT4G04020
Q7Y1Z8,ath:AT4G04320
Q9XEC4,ath:AT4G04460
Q9XEB5,ath:AT4G04620
Q93YW7,ath:AT4G04870
Q9ZPH4,ath:AT4G04930
Q9M0Y6,ath:AT4G05090
Q9M0X9,ath:AT4G05160
F4JGP6,ath:AT4G05210
Q8VY63,ath:AT4G07390
Q9SUG3,ath:AT4G08170
Q8L751,ath:AT4G08180
Q9M0T1,ath:AT4G08530
Q2PE70,ath:AT4G08670
Q94JV5,ath:AT4G08790
Q9ZPE7,ath:AT4G08950
Q9M0R2,ath:AT4G09160
Q38851,ath:AT4G09460
P46687,ath:AT4G09600
P46688,ath:AT4G09610
Q9SZ92,ath:AT4G09760
Q9T0G0,ath:AT4G10020
F4JLJ2,ath:AT4G10060
Q9XF89,ath:AT4G10340
Q680C0,ath:AT4G10955
Q9T009,ath:AT4G11030
O48646,ath:AT4G11600
P54873,ath:AT4G11820
Q9T051,ath:AT4G11830
Q9T052,ath:AT4G11840
Q9T053,ath:AT4G11850
F4JPW1,ath:AT4G12030
Q8L7W5,ath:AT4G12110
Q9SU36,ath:AT4G12460
Q9SU35,ath:AT4G12470
Q39176,ath:AT4G12480
Q9SU34,ath:AT4G12490
Q9SU33,ath:AT4G12500
Q9SU32,ath:AT4G12530
Q9ZSP6,ath:AT4G12545
Q9SV64,ath:AT4G13050
Q9T0J9,ath:AT4G13280
Q9T0K1,ath:AT4G13300
Q9SVM9,ath:AT4G13840
Q84LH3,ath:AT4G13870
Q8W471,ath:AT4G14070
Q07356,ath:AT4G14210
F4JVH0,ath:AT4G14500
F4JIG1,ath:AT4G14805
Q2PE59,ath:AT4G14815
Q0WSH6,ath:AT4G14850
O23346,ath:AT4G14910
Q8L5Y5,ath:AT4G15080
O23365,ath:AT4G15110
F4JJE0,ath:AT4G15130
F4JJE4,ath:AT4G15160
Q9FR95,ath:AT4G15340
O23390,ath:AT4G15370
O23404,ath:AT4G15530
Q38854,ath:AT4G15560
O23425,ath:AT4G15740
F4JK83,ath:AT4G15755
O23651,ath:AT4G15870
F4JL00,ath:AT4G16070
F4JLP5,ath:AT4G16155
O23469,ath:AT4G16220
O23470,ath:AT4G16230
Q9C5P6,ath:AT4G16350
Q8VYK7,ath:AT4G16520
Q84V22,ath:AT4G16700
P0CJ42,ath:AT4G16730
A4FVP2,ath:AT4G16740
O65202,ath:AT4G16760
O23522,ath:AT4G16820
Q43315,ath:AT4G17190
F4JP46,ath:AT4G17360
O23596,ath:AT4G17550
O81445,ath:AT4G17615
F4JP95,ath:AT4G17650
Q8L7H4,ath:AT4G17710
B3H6K1,ath:AT4G17910
Q9FUR2,ath:AT4G18010
O49505,ath:AT4G18350
O49523,ath:AT4G18550
Q93YW8,ath:AT4G18970
F4JSE7,ath:AT4G19040
P42735,ath:AT4G19070
O49675,ath:AT4G19170
O65709,ath:AT4G19380
O81851,ath:AT4G19700
Q71N54,ath:AT4G19860
O49435,ath:AT4G20080
O65434,ath:AT4G20200
O65435,ath:AT4G20210
Q8L7G4,ath:AT4G20230
Q96262,ath:AT4G20260
Q9S7R5,ath:AT4G20370
Q9SUC5,ath:AT4G20870
Q9FVJ3,ath:AT4G21160
O49561,ath:AT4G21200
F4JIP6,ath:AT4G21220
F2Y4A3,ath:AT4G21534
Q8L7L1,ath:AT4G21540
Q9SVS8,ath:AT4G21690
Q8RWU4,ath:AT4G21750
O49629,ath:AT4G22240
Q56X52,ath:AT4G22260
Q94IB9,ath:AT4G22330
O49639,ath:AT4G22340
Q9SUX3,ath:AT4G22460
F4JLV4,ath:AT4G22470
Q9SUX0,ath:AT4G22490
F4JLV7,ath:AT4G22505
A8MQX6,ath:AT4G22513
Q940Y1,ath:AT4G22540
Q9SUW4,ath:AT4G22550
O49644,ath:AT4G22630
Q1G3I0,ath:AT4G22666
Q94C49,ath:AT4G22750
F4JLZ6,ath:AT4G22755
Q1EC69,ath:AT4G22756
Q8VYY4,ath:AT4G22840
Q2NNE0,ath:AT4G23060
Q93YP7,ath:AT4G23660
Q9T0A0,ath:AT4G23850
O22975,ath:AT4G24160
Q9STX3,ath:AT4G24210
Q9STX2,ath:AT4G24220
Q9STX1,ath:AT4G24230
Q8RWQ8,ath:AT4G24390
Q39048,ath:AT4G24510
O82794,ath:AT4G24540
Q8H103,ath:AT4G24620
Q9SB58,ath:AT4G24630
Q9SB60,ath:AT4G24650
Q9SB67,ath:AT4G24715
Q9SB68,ath:AT4G24730
Q9SW27,ath:AT4G24990
Q8VZ56,ath:AT4G25000
Q9SW21,ath:AT4G25050
P29525,ath:AT4G25140
Q9SB41,ath:AT4G25220
Q39110,ath:AT4G25420
Q9FVI6,ath:AT4G25530
Q9SZZ8,ath:AT4G25700
F4JTE7,ath:AT4G25840
Q9SW00,ath:AT4G25850
Q9SVZ9,ath:AT4G25860
Q8VYT2,ath:AT4G25940
A4GNA8,ath:AT4G25970
P49597,ath:AT4G26080
Q9SZI6,ath:AT4G26150
F4JUY5,ath:AT4G26420
Q8LEM7,ath:AT4G26570
Q9SZ11,ath:AT4G26690
O81270,ath:AT4G26740
Q1PE48,ath:AT4G26770
Q8VY93,ath:AT4G26790
Q8RWE8,ath:AT4G26850
Q9SZ30,ath:AT4G26900
Q8H107,ath:AT4G26910
Q9SZ42,ath:AT4G27030
Q9STP8,ath:AT4G27780
F4JKI3,ath:AT4G28130
Q9M0I0,ath:AT4G28280
F4JL89,ath:AT4G28395
Q94BP3,ath:AT4G28570
Q9SVU0,ath:AT4G28720
Q9SVU5,ath:AT4G28780
Q9ZPI6,ath:AT4G29010
Q9SZD3,ath:AT4G29030
Q9M0G0,ath:AT4G29210
Q9M0E5,ath:AT4G29380
Q9M0D7,ath:AT4G29460
Q8GV50,ath:AT4G29470
Q9SU91,ath:AT4G29540
Q8H133,ath:AT4G29800
Q9SZW7,ath:AT4G30140
F4JQ95,ath:AT4G30340
Q8H1Q8,ath:AT4G30510
Q8GXU8,ath:AT4G30580
Q9M099,ath:AT4G30610
P46312,ath:AT4G30950
Q948J9,ath:AT4G31050
O81770,ath:AT4G31780
F4JTJ2,ath:AT4G32160
Q8S9J8,ath:AT4G32285
Q94FY7,ath:AT4G32770
F4JV54,ath:AT4G32780
Q8VY26,ath:AT4G32810
Q39123,ath:AT4G32880
P48731,ath:AT4G32980
O48917,ath:AT4G33030
Q0WUR5,ath:AT4G33240
Q2V3C1,ath:AT4G33355
O81872,ath:AT4G33550
O81893,ath:AT4G33770
Q93ZB9,ath:AT4G33790
Q9LDD8,ath:AT4G34030
F4JKK0,ath:AT4G34100
P42753,ath:AT4G34160
Q9M7I9,ath:AT4G34190
Q9SYZ0,ath:AT4G34250
Q94B35,ath:AT4G34350
O65677,ath:AT4G34510
Q38860,ath:AT4G34520
F4JLE5,ath:AT4G34580
P53799,ath:AT4G34640
Q9SW42,ath:AT4G34930
A8MQE1,ath:AT4G35110
Q944A7,ath:AT4G35230
Q6DBQ1,ath:AT4G35390
Q8VY53,ath:AT4G35530
Q8L540,ath:AT4G35760
Q9C5Y0,ath:AT4G35790
F4JPL0,ath:AT4G36080
Q9M066,ath:AT4G36380
O23239,ath:AT4G36410
Q94IB8,ath:AT4G36480
Q94A34,ath:AT4G36490
Q93VJ4,ath:AT4G36540
F4JQJ7,ath:AT4G36945
O23181,ath:AT4G37050
O23180,ath:AT4G37060
O23179,ath:AT4G37070
Q8VYH2,ath:AT4G37760
Q39108,ath:AT4G38460
Q56W08,ath:AT4G38530
Q0WV01,ath:AT4G38560
Q8GUK6,ath:AT4G38570
Q9SZN7,ath:AT4G38580
Q9SZP6,ath:AT4G38690
P34790,ath:AT4G38740
Q0IGM7,ath:AT4G39070
Q6NPM8,ath:AT4G39120
F4JVA6,ath:AT4G39170
F4JVA9,ath:AT4G39180
O22476,ath:AT4G39400
P42801,ath:AT4G39800
Q8L936,ath:AT4G40080
Q8S4F6,ath:AT5G01220
Q9M038,ath:AT5G01340
Q8L940,ath:AT5G01410
Q9LZX1,ath:AT5G01750
Q9LZW2,ath:AT5G01840
Q9LZV9,ath:AT5G01870
Q9LZM1,ath:AT5G02100
O81208,ath:AT5G02120
F4KCC2,ath:AT5G02310
Q0WRY5,ath:AT5G02800
Q9LZ03,ath:AT5G02820
Q6R0G4,ath:AT5G02840
Q6NLA5,ath:AT5G03080
Q700D2,ath:AT5G03150
F4KFB0,ath:AT5G03406
Q9LZS9,ath:AT5G03590
Q9LZS8,ath:AT5G03600
Q9LZS7,ath:AT5G03610
Q8VZA5,ath:AT5G03770
Q9FFN0,ath:AT5G03810
Q9LZB2,ath:AT5G03980
Q9LZA6,ath:AT5G04040
Q7XA06,ath:AT5G04220
Q6BDA0,ath:AT5G04240
Q9LZ78,ath:AT5G04470
Q9LZ76,ath:AT5G04490
Q9XF67,ath:AT5G04510
Q9LZ72,ath:AT5G04530
F4JWB3,ath:AT5G04540
Q9LZ31,ath:AT5G04660
Q9FF81,ath:AT5G04920
P98204,ath:AT5G04930
A8MR21,ath:AT5G04980
Q38906,ath:AT5G05000
Q5PNZ1,ath:AT5G05070
Q9FHK8,ath:AT5G05150
P48622,ath:AT5G05580
Q9LHS7,ath:AT5G06090
Q8W1W6,ath:AT5G06100
Q9FG05,ath:AT5G06650
Q8L5A7,ath:AT5G07010
Q39112,ath:AT5G07200
F4K6M0,ath:AT5G07260
Q9LY29,ath:AT5G07310
Q9LY23,ath:AT5G07370
Q9LY11,ath:AT5G07510
Q9LY09,ath:AT5G07530
Q9LY08,ath:AT5G07540
A8MSB7,ath:AT5G07550
Q9LY07,ath:AT5G07560
F4K829,ath:AT5G07571
Q9FLS1,ath:AT5G07600
Q9FLR1,ath:AT5G07690
Q39017,ath:AT5G07920
Q9SD84,ath:AT5G08000
Q9LEZ3,ath:AT5G08130
Q93W54,ath:AT5G08335
Q9FT97,ath:AT5G08380
Q8LEE8,ath:AT5G08415
Q9FNP2,ath:AT5G08460
Q9FNP1,ath:AT5G08470
Q8GXR9,ath:AT5G08740
Q84VY5,ath:AT5G09290
Q84JL2,ath:AT5G09300
Q0WPX9,ath:AT5G09350
Q5M755,ath:AT5G09820
Q9LX13,ath:AT5G10160
Q9LX12,ath:AT5G10170
Q9LX08,ath:AT5G10220
Q9LX07,ath:AT5G10230
Q8H0W9,ath:AT5G10410
Q8VZB2,ath:AT5G10480
A0JJX5,ath:AT5G11100
Q9LFP2,ath:AT5G11140
Q0WUB4,ath:AT5G11380
F4JZD5,ath:AT5G11870
Q8RUF8,ath:AT5G12040
Q94CK4,ath:AT5G12380
Q9LXU2,ath:AT5G12970
Q9FY99,ath:AT5G13110
Q5W7F2,ath:AT5G13300
Q9FY49,ath:AT5G13520
Q9FNA9,ath:AT5G13640
Q9LM02,ath:AT5G13710
Q38847,ath:AT5G13790
Q9FFY3,ath:AT5G13900
Q9M644,ath:AT5G13910
Q9FMU6,ath:AT5G14040
Q67ZU1,ath:AT5G14180
Q9LY84,ath:AT5G14450
Q9LYJ3,ath:AT5G14670
Q9LFR3,ath:AT5G14920
Q4F883,ath:AT5G14930
Q9LFQ7,ath:AT5G14980
Q9LXG5,ath:AT5G15160
P46690,ath:AT5G15230
Q8LCS8,ath:AT5G15460
Q9LLC1,ath:AT5G15530
Q8LFJ9,ath:AT5G15720
Q9LFU9,ath:AT5G15770
Q94AS5,ath:AT5G15860
Q9LFS3,ath:AT5G16010
Q9LF05,ath:AT5G16230
Q9LF04,ath:AT5G16240
Q9FFE9,ath:AT5G16340
Q9FFE6,ath:AT5G16370
Q42533,ath:AT5G16390
Q38929,ath:AT5G16440
Q9SBA5,ath:AT5G16760
P37271,ath:AT5G17230
Q9FFI0,ath:AT5G17320
Q9LF46,ath:AT5G17380
Q9LF53,ath:AT5G17490
Q94EI3,ath:AT5G17550
Q9FN84,ath:AT5G17670
Q9ZNT1,ath:AT5G17770
Q9FJG3,ath:AT5G17980
Q5PNZ0,ath:AT5G18430
Q94ID2,ath:AT5G19040
F4JZM4,ath:AT5G19130
F4JZN6,ath:AT5G19200
Q8VZV6,ath:AT5G19290
F4K148,ath:AT5G19420
Q0WUG6,ath:AT5G19660
Q93ZY3,ath:AT5G19690
Q9C5M0,ath:AT5G19760
Q941D3,ath:AT5G19940
Q8L9X1,ath:AT5G20060
Q6S5G3,ath:AT5G20300
Q52T38,ath:AT5G20350
O82730,ath:AT5G20410
A0MFH4,ath:AT5G20640
Q7XZU1,ath:AT5G20840
Q7G193,ath:AT5G20960
Q500W7,ath:AT5G22130
Q9FMS5,ath:AT5G22260
Q9FMQ9,ath:AT5G22420
Q9FMQ5,ath:AT5G22460
Q39152,ath:AT5G22500
Q8LPL6,ath:AT5G22770
Q8LPK4,ath:AT5G22780
Q9FG68,ath:AT5G23000
F4KBF3,ath:AT5G23050
Q9FMY1,ath:AT5G23190
Q9FMW9,ath:AT5G23320
Q9LRB0,ath:AT5G23450
Q9LSZ9,ath:AT5G23670
B3H438,ath:AT5G23830
Q9FF96,ath:AT5G23840
Q84UU4,ath:AT5G23960
O65404,ath:AT5G24150
O65402,ath:AT5G24160
Q9FNF8,ath:AT5G24240
F4KIJ2,ath:AT5G24810
O23624,ath:AT5G24860
Q6NKZ8,ath:AT5G24900
Q93Z79,ath:AT5G24910
Q501E6,ath:AT5G25250
Q4V3D6,ath:AT5G25260
P58766,ath:AT5G25370
Q8LGF7,ath:AT5G25760
Q93ZB2,ath:AT5G25900
Q3E936,ath:AT5G26230
O04652,ath:AT5G27200
Q940G6,ath:AT5G27320
P46086,ath:AT5G27450
Q8VZS0,ath:AT5G27520
Q8LKS5,ath:AT5G27600
Q8RWD9,ath:AT5G27630
F4K5P3,ath:AT5G27800
F4K5S5,ath:AT5G28010
Q8LB81,ath:AT5G33370
Q949Y3,ath:AT5G34850
Q9LHS0,ath:AT5G35200
O04983,ath:AT5G35360
Q9FJA2,ath:AT5G35550
Q43727,ath:AT5G35790
Q9LVY2,ath:AT5G36150
B9DGD6,ath:AT5G36880
F4K5X6,ath:AT5G37260
Q93ZR6,ath:AT5G37300
Q9FHQ1,ath:AT5G37690
F4K8L2,ath:AT5G37710
Q9FHP6,ath:AT5G37740
Q9FF40,ath:AT5G38160
Q9FF39,ath:AT5G38170
Q9FF17,ath:AT5G38460
Q9FMB6,ath:AT5G38860
Q9FMA5,ath:AT5G38970
Q9FLZ5,ath:AT5G39400
Q9FIW9,ath:AT5G39760
Q9FLE9,ath:AT5G39860
Q38920,ath:AT5G40280
Q9SPG9,ath:AT5G40350
Q39165,ath:AT5G40420
Q9SCX9,ath:AT5G40610
Q9FJI5,ath:AT5G40760
Q9FLN0,ath:AT5G40990
Q94CD1,ath:AT5G41040
F4JWY1,ath:AT5G41130
Q9FHD7,ath:AT5G41260
A0MFL4,ath:AT5G41590
Q9FJ32,ath:AT5G41820
Q9FJ25,ath:AT5G41890
Q9FHW9,ath:AT5G42170
Q9FJV8,ath:AT5G42600
Q96242,ath:AT5G42650
P34795,ath:AT5G42740
Q9FMZ0,ath:AT5G42750
Q93YN9,ath:AT5G42810
Q9FMN2,ath:AT5G42870
Q680A6,ath:AT5G43300
Q9FIY1,ath:AT5G43590
Q9FG87,ath:AT5G43760
Q9M7I7,ath:AT5G43860
P98205,ath:AT5G44240
A8MQA2,ath:AT5G44265
Q4KSH9,ath:AT5G44630
Q9FHE4,ath:AT5G45100
Q9FH76,ath:AT5G45340
Q8VZF6,ath:AT5G45560
Q9FK75,ath:AT5G45670
Q94CD5,ath:AT5G45900
Q9FJ45,ath:AT5G45910
Q6NMR9,ath:AT5G45920
Q9FJ41,ath:AT5G45950
Q9FJ40,ath:AT5G45960
P52410,ath:AT5G46290
O23140,ath:AT5G46630
Q9FJS2,ath:AT5G46880
Q9FJS1,ath:AT5G46890
Q39100,ath:AT5G46900
Q9LTB8,ath:AT5G47100
Q9LD45,ath:AT5G47120
F4JX42,ath:AT5G47340
Q9LVS4,ath:AT5G47350
Q9LVS0,ath:AT5G47390
F4JYJ3,ath:AT5G47510
Q9FGJ4,ath:AT5G47630
Q9FIK7,ath:AT5G47720
Q09152,ath:AT5G47770
Q9FI37,ath:AT5G48010
Q9FI32,ath:AT5G48060
Q9FI27,ath:AT5G48110
Q9LUB6,ath:AT5G48170
A8MS79,ath:AT5G48220
Q8W453,ath:AT5G48485
Q9ZWT2,ath:AT5G48810
Q570C8,ath:AT5G48880
Q9FH27,ath:AT5G49070
Q9FGX1,ath:AT5G49460
Q9LTX2,ath:AT5G49980
Q8VYS8,ath:AT5G50020
Q9LUF2,ath:AT5G50590
P0DKC6,ath:AT5G50600
Q9LUE4,ath:AT5G50770
Q38799,ath:AT5G50850
Q93W88,ath:AT5G50915
Q6USK2,ath:AT5G51290
Q9FGN1,ath:AT5G51420
Q39111,ath:AT5G51810
Q9LTK3,ath:AT5G52170
Q9XFM6,ath:AT5G52240
Q9C5I1,ath:AT5G52560
Q9LTG0,ath:AT5G52570
Q8H0W3,ath:AT5G52660
Q9FLX8,ath:AT5G52830
Q9FLW9,ath:AT5G52920
Q5KS41,ath:AT5G53390
Q9LV04,ath:AT5G53450
Q9SM23,ath:AT5G53470
Q42342,ath:AT5G53560
Q9FN30,ath:AT5G53970
Q9LVW3,ath:AT5G54060
F4JYV3,ath:AT5G54170
Q9LK35,ath:AT5G54380
Q38945,ath:AT5G54390
Q9FH32,ath:AT5G54730
Q9M5A9,ath:AT5G54800
Q9FIA1,ath:AT5G55050
Q9FLQ4,ath:AT5G55070
Q9FLN9,ath:AT5G55240
Q9FJ78,ath:AT5G55320
Q9FJ77,ath:AT5G55330
Q9FJ76,ath:AT5G55340
Q9FJ75,ath:AT5G55350
Q9FJ74,ath:AT5G55360
Q9FJ73,ath:AT5G55370
Q9FJ72,ath:AT5G55380
Q9FJ69,ath:AT5G55410
Q9FJ65,ath:AT5G55450
Q9FJ62,ath:AT5G55480
Q8LAS7,ath:AT5G55990
Q9FKT7,ath:AT5G56100
F4K6D3,ath:AT5G56160
Q9FKT1,ath:AT5G56170
Q5XF78,ath:AT5G56300
Q9FM83,ath:AT5G56480
Q5HZ36,ath:AT5G56860
Q9LTR9,ath:AT5G57020
Q38932,ath:AT5G57030
O04719,ath:AT5G57050
F4KAK5,ath:AT5G57190
Q9LVD8,ath:AT5G57200
Q9LVD4,ath:AT5G57240
Q9LVC8,ath:AT5G57300
Q8VZP1,ath:AT5G57440
Q38857,ath:AT5G57560
B0F481,ath:AT5G57590
Q1PDI2,ath:AT5G57690
Q8H1Z0,ath:AT5G57800
Q9FGT9,ath:AT5G58050
Q9FGT8,ath:AT5G58070
Q9LVN0,ath:AT5G58170
Q9LVM5,ath:AT5G58220
Q67ZM7,ath:AT5G58560
Q39032,ath:AT5G58670
Q944C2,ath:AT5G58690
Q944C1,ath:AT5G58700
Q56Y11,ath:AT5G58770
Q8RX73,ath:AT5G58780
Q8GY03,ath:AT5G58782
Q570Q8,ath:AT5G58784
P48422,ath:AT5G58860
F4KHQ8,ath:AT5G58980
Q9FIL1,ath:AT5G59010
Q9LLR6,ath:AT5G59310
Q9LLR7,ath:AT5G59320
Q1PDH3,ath:AT5G59330
Q93Y40,ath:AT5G59420
Q8L7L8,ath:AT5G59430
Q9LTI3,ath:AT5G59470
Q4JL84,ath:AT5G59780
Q8LFM2,ath:AT5G59845
Q8LED0,ath:AT5G60500
Q8LAR7,ath:AT5G60510
Q8LAD0,ath:AT5G60540
F4K0E8,ath:AT5G60600
Q9SE43,ath:AT5G60690
Q9FJH9,ath:AT5G60760
O64399,ath:AT5G60890
Q94KT8,ath:AT5G60920
Q9FNQ2,ath:AT5G61130
Q9SPG2,ath:AT5G61420
Q0WWQ1,ath:AT5G61500
F4K3K4,ath:AT5G61610
Q9FLT5,ath:AT5G61730
Q9FLT2,ath:AT5G61760
Q9FLT0,ath:AT5G61780
Q00958,ath:AT5G61850
Q9FIT4,ath:AT5G62040
Q9FIT2,ath:AT5G62065
Q8GT78,ath:AT5G62080
Q9FM04,ath:AT5G62930
Q9FMK6,ath:AT5G63170
Q9C5D3,ath:AT5G63530
Q9FFN7,ath:AT5G63770
P57681,ath:AT5G63910
Q42546,ath:AT5G63980
Q8GY63,ath:AT5G63990
O49623,ath:AT5G64000
Q9FMJ0,ath:AT5G64070
Q8VYI9,ath:AT5G64080
Q7XJJ7,ath:AT5G64440
Q9FLG8,ath:AT5G64500
Q94JQ6,ath:AT5G64740
Q9LV90,ath:AT5G64870
Q9XEE2,ath:AT5G65020
Q66GQ6,ath:AT5G65090
O65201,ath:AT5G65110
Q2V2V3,ath:AT5G65158
Q9FKQ2,ath:AT5G65370
Q6NMN6,ath:AT5G65687
Q9FEB4,ath:AT5G65870
Q9LKJ1,ath:AT5G65940
Q7X911,ath:AT5G66020
Q9XGX0,ath:AT5G66350
Q6NQL6,ath:AT5G66450
Q944K2,ath:AT5G66680
Q9LVQ7,ath:AT5G66730
Q39193,ath:AT5G66880
Q9FGC7,ath:AT5G67030
F4K280,ath:AT5G67050
Q9FDW1,ath:AT5G67300
Q9FJX5,ath:AT5G67480
Q9FJW5,ath:AT5G67580
A0A068FL09,#N/A
A8MQ88,#N/A
A8MQL8,#N/A
A8MQQ8,#N/A
A8MQS2,#N/A
A8MR01,#N/A
A8MR46,#N/A
A8MRD0,#N/A
A8MRH2,#N/A
A8MRH8,#N/A
A8MRJ1,#N/A
A8MRU9,#N/A
A8MRW6,#N/A
A8MS15,#N/A
A8MS34,#N/A
A8MS57,#N/A
A8MSD6,#N/A
B3H480,#N/A
B3H4A7,#N/A
B3H4G6,#N/A
B3H4G8,#N/A
B3H501,#N/A
B3H588,#N/A
B3H591,#N/A
B3H5X1,#N/A
B3H6L6,#N/A
B3H6Y4,#N/A
B3H725,#N/A
B3H746,#N/A
B3H749,#N/A
B3H7D4,#N/A
B3H7H2,#N/A
B4G290,#N/A
B9DFB5,#N/A
B9DFB7,#N/A
F4HP28,#N/A
F4HP45,#N/A
F4HP89,#N/A
F4HQB1,#N/A
F4HQC0,#N/A
F4HQG9,#N/A
F4HQH3,#N/A
F4HQU9,#N/A
F4HRM3,#N/A
F4HS17,#N/A
F4HSP7,#N/A
F4HST9,#N/A
F4HSY7,#N/A
F4HT46,#N/A
F4HT96,#N/A
F4HTE5,#N/A
F4HVE4,#N/A
F4HWQ7,#N/A
F4HWS2,#N/A
F4HX14,#N/A
F4HX15,#N/A
F4HX80,#N/A
F4HXN8,#N/A
F4HXY6,#N/A
F4HYI3,#N/A
F4HZ25,#N/A
F4HZ57,#N/A
F4HZB1,#N/A
F4HZJ7,#N/A
F4I082,#N/A
F4I1C1,#N/A
F4I1W0,#N/A
F4I1Z0,#N/A
F4I287,#N/A
F4I403,#N/A
F4I454,#N/A
F4I4W1,#N/A
F4I4X6,#N/A
F4I5X3,#N/A
F4I775,#N/A
F4IA20,#N/A
F4IAA0,#N/A
F4IAU4,#N/A
F4IAW2,#N/A
F4IBA6,#N/A
F4IDV8,#N/A
F4IFL9,#N/A
F4IFM0,#N/A
F4IFM1,#N/A
F4IHJ2,#N/A
F4IIN3,#N/A
F4IJ57,#N/A
F4IKR2,#N/A
F4ILQ4,#N/A
F4IM05,#N/A
F4INU9,#N/A
F4IPA6,#N/A
F4IQW9,#N/A
F4IRT2,#N/A
F4IRY2,#N/A
F4IS32,#N/A
F4ITF6,#N/A
F4ITT3,#N/A
F4IU13,#N/A
F4IU74,#N/A
F4IV00,#N/A
F4IVK2,#N/A
F4IVR1,#N/A
F4IW27,#N/A
F4IW28,#N/A
F4IW75,#N/A
F4IWG3,#N/A
F4IX90,#N/A
F4IXC6,#N/A
F4IXL7,#N/A
F4IXL8,#N/A
F4IXV2,#N/A
F4IYH1,#N/A
F4IZE4,#N/A
F4J0U7,#N/A
F4J1V2,#N/A
F4J262,#N/A
F4J2Y2,#N/A
F4J435,#N/A
F4J5T2,#N/A
F4J5V8,#N/A
F4J690,#N/A
F4J6R6,#N/A
F4J7C3,#N/A
F4J7C7,#N/A
F4J859,#N/A
F4J8K0,#N/A
F4J8Q4,#N/A
F4J9G0,#N/A
F4J9G1,#N/A
F4J9I3,#N/A
F4J9W3,#N/A
F4JA27,#N/A
F4JA62,#N/A
F4JBH8,#N/A
F4JCI4,#N/A
F4JD78,#N/A
F4JDA1,#N/A
F4JDA6,#N/A
F4JDQ6,#N/A
F4JEP7,#N/A
F4JF56,#N/A
F4JFL8,#N/A
F4JFW6,#N/A
F4JG14,#N/A
F4JGB9,#N/A
F4JGD2,#N/A
F4JIH9,#N/A
F4JIN8,#N/A
F4JIN9,#N/A
F4JJE3,#N/A
F4JJK1,#N/A
F4JKN4,#N/A
F4JKN5,#N/A
F4JKS6,#N/A
F4JL01,#N/A
F4JL60,#N/A
F4JL62,#N/A
F4JMK8,#N/A
F4JN67,#N/A
F4JNF1,#N/A
F4JNU6,#N/A
F4JP88,#N/A
F4JPA9,#N/A
F4JPL1,#N/A
F4JPL2,#N/A
F4JQ50,#N/A
F4JQB6,#N/A
F4JR91,#N/A
F4JRT7,#N/A
F4JSC9,#N/A
F4JTE8,#N/A
F4JTR2,#N/A
F4JUN0,#N/A
F4JUT8,#N/A
F4JUT9,#N/A
F4JVA7,#N/A
F4JVA8,#N/A
F4JW00,#N/A
F4JW01,#N/A
F4JWB0,#N/A
F4JXT0,#N/A
F4JY30,#N/A
F4JYE0,#N/A
F4JYE1,#N/A
F4JYM8,#N/A
F4JZM3,#N/A
F4K083,#N/A
F4K0R2,#N/A
F4K149,#N/A
F4K2P2,#N/A
F4K347,#N/A
F4K480,#N/A
F4K4J2,#N/A
F4K4Q9,#N/A
F4K6S3,#N/A
F4K817,#N/A
F4K823,#N/A
F4K836,#N/A
F4K895,#N/A
F4K8F7,#N/A
F4K8L6,#N/A
F4K8T6,#N/A
F4K975,#N/A
F4K9L2,#N/A
F4K9L3,#N/A
F4K9L4,#N/A
F4KC75,#N/A
F4KCJ8,#N/A
F4KE21,#N/A
F4KEB4,#N/A
F4KFC4,#N/A
F4KFQ9,#N/A
F4KG44,#N/A
F4KGH1,#N/A
F4KGI8,#N/A
F4KGW0,#N/A
F4KGX7,#N/A
F4KHF4,#N/A
F4KHJ7,#N/A
O22248,#N/A
O49617,#N/A
O65403,#N/A
O65921,#N/A
O80601,#N/A
O80627,#N/A
O80866,#N/A
Q0V7V3,#N/A
Q0WQB8,#N/A
Q0WVR4,#N/A
Q1G361,#N/A
Q1PDZ0,#N/A
Q39133,#N/A
Q3ED96,#N/A
Q3EDL2,#N/A
Q42574,#N/A
Q494N8,#N/A
Q500Z2,#N/A
Q5Q0I8,#N/A
Q67XP8,#N/A
Q6NLG8,#N/A
Q6NMM2,#N/A
Q7X8U5,#N/A
Q84JD1,#N/A
Q84JI7,#N/A
Q84TJ7,#N/A
Q84VW2,#N/A
Q8GUI9,#N/A
Q8GXG3,#N/A
Q8GYS8,#N/A
Q8GZ64,#N/A
Q8LD23,#N/A
Q8LD67,#N/A
Q8S4V4,#N/A
Q8VY48,#N/A
Q8VYR6,#N/A
Q8W4D7,#N/A
Q8W580,#N/A
Q93W03,#N/A
Q93YN5,#N/A
Q944M2,#N/A
Q94CK0,#N/A
Q94F26,#N/A
Q9C5F6,#N/A
Q9C7H4,#N/A
Q9CAU9,#N/A
Q9FF97,#N/A
Q9FFC6,#N/A
Q9FFE8,#N/A
Q9FK04,#N/A
Q9FK89,#N/A
Q9FMU9,#N/A
Q9FY78,#N/A
Q9LDF5,#N/A
Q9LFL9,#N/A
Q9LHS6,#N/A
Q9LII9,#N/A
Q9LS84,#N/A
Q9LTI0,#N/A
Q9LUB2,#N/A
Q9LUZ1,#N/A
Q9LY10,#N/A
Q9LYG5,#N/A
Q9LYI6,#N/A
Q9LYM8,#N/A
Q9LZC5,#N/A
Q9M120,#N/A
Q9M1M0,#N/A
Q9M2D7,#N/A
Q9M3B1,#N/A
Q9MAK7,#N/A
Q9MBG4,#N/A
Q9SF20,#N/A
Q9SFE3,#N/A
Q9SGW8,#N/A
Q9SHG5,#N/A
Q9SJ35,#N/A
Q9SKR5,#N/A
Q9SUZ2,#N/A
Q9SZN5,#N/A
Q9ZVX3,#N/A